{
"lengthUnit": "mil",
"components": {
	"fields": ["COMPONENT_NO", "COMPONENT_NAME", "LAYER", "X_COORDINATE", "Y_COORDINATE", "ANGLE"],
	"rows": [
		[1, "ArduinoNano", "T", 1754.65, -1395.55, 0],
		[2, "Bluetooth", "T", 2300, -720, 180],
		[3, "Common5V", "T", 2840, -1105, 0],
		[4, "DHT11", "T", 1805, -2015, 270],
		[5, "HeadlightOutput", "T", 3080, -1935, 270],
		[6, "Headlights", "T", 1008.08, -788.62, 270],
		[7, "IRLeft", "T", 2575, -2010, 90],
		[8, "IRRight", "T", 2750, -2010, 90],
		[9, "LDR", "T", 975, -1960, 0],
		[10, "LED", "T", 2860, -730, 0],
		[11, "MotorDriver", "T", 1490, -715, 180],
		[12, "PowerJack", "T", 3080, -1455, 270],
		[13, "R1", "T", 3135, -750, 0],
		[14, "Servo1", "T", 1275, -2015, 270],
		[15, "Servo2", "T", 1445, -2015, 270],
		[16, "Servo3", "T", 1615, -2010, 270],
		[17, "Switch", "T", 3145, -1060, 0],
		[18, "Ultrasonic", "T", 2210, -1990, 180]
	]
},
"pins": {
	"fields": ["PIN_NO", "PIN_NAME", "PIN_X", "PIN_Y", "LAYER", "PIN_TYPE", "NET_NAME", "NET_TYPE", "PAD_SHAPE", "PAD_SIZEX", "PAD_SIZEY", "HOLE_SIZE", "PAD_ANGLE"],
	"rows": [
		[1, "ArduinoNano_1", 2454.65, -1095.55, "T", "DIP", "ArduinoNano_1", "", "R", 62.99, 62.99, 35.43, 0],
		[2, "ArduinoNano_1", 2454.65, -1095.55, "B", "DIP", "ArduinoNano_1", "", "R", 62.99, 62.99, 35.43, 0],
		[3, "ArduinoNano_2", 2354.65, -1095.55, "T", "DIP", "ArduinoNano_2", "", "C", 62.99, 62.99, 35.43, 0],
		[4, "ArduinoNano_2", 2354.65, -1095.55, "B", "DIP", "ArduinoNano_2", "", "C", 62.99, 62.99, 35.43, 0],
		[5, "ArduinoNano_3", 2254.65, -1095.55, "T", "DIP", "ArduinoNano_3", "", "C", 62.99, 62.99, 35.43, 0],
		[6, "ArduinoNano_3", 2254.65, -1095.55, "B", "DIP", "ArduinoNano_3", "", "C", 62.99, 62.99, 35.43, 0],
		[7, "ArduinoNano_4", 2154.65, -1095.55, "T", "DIP", "GND", "GND", "C", 62.99, 62.99, 35.43, 0],
		[8, "ArduinoNano_4", 2154.65, -1095.55, "B", "DIP", "GND", "GND", "C", 62.99, 62.99, 35.43, 0],
		[9, "ArduinoNano_5", 2054.65, -1095.55, "T", "DIP", "TX", "", "C", 62.99, 62.99, 35.43, 0],
		[10, "ArduinoNano_5", 2054.65, -1095.55, "B", "DIP", "TX", "", "C", 62.99, 62.99, 35.43, 0],
		[11, "ArduinoNano_6", 1954.65, -1095.55, "T", "DIP", "RX", "", "C", 62.99, 62.99, 35.43, 0],
		[12, "ArduinoNano_6", 1954.65, -1095.55, "B", "DIP", "RX", "", "C", 62.99, 62.99, 35.43, 0],
		[13, "ArduinoNano_7", 1854.65, -1095.55, "T", "DIP", "LED", "", "C", 62.99, 62.99, 35.43, 0],
		[14, "ArduinoNano_7", 1854.65, -1095.55, "B", "DIP", "LED", "", "C", 62.99, 62.99, 35.43, 0],
		[15, "ArduinoNano_8", 1754.65, -1095.55, "T", "DIP", "ENA", "", "C", 62.99, 62.99, 35.43, 0],
		[16, "ArduinoNano_8", 1754.65, -1095.55, "B", "DIP", "ENA", "", "C", 62.99, 62.99, 35.43, 0],
		[17, "ArduinoNano_9", 1654.65, -1095.55, "T", "DIP", "I1", "", "C", 62.99, 62.99, 35.43, 0],
		[18, "ArduinoNano_9", 1654.65, -1095.55, "B", "DIP", "I1", "", "C", 62.99, 62.99, 35.43, 0],
		[19, "ArduinoNano_10", 1554.65, -1095.55, "T", "DIP", "I2", "", "C", 62.99, 62.99, 35.43, 0],
		[20, "ArduinoNano_10", 1554.65, -1095.55, "B", "DIP", "I2", "", "C", 62.99, 62.99, 35.43, 0],
		[21, "ArduinoNano_11", 1454.65, -1095.55, "T", "DIP", "I3", "", "C", 62.99, 62.99, 35.43, 0],
		[22, "ArduinoNano_11", 1454.65, -1095.55, "B", "DIP", "I3", "", "C", 62.99, 62.99, 35.43, 0],
		[23, "ArduinoNano_12", 1354.65, -1095.55, "T", "DIP", "I4", "", "C", 62.99, 62.99, 35.43, 0],
		[24, "ArduinoNano_12", 1354.65, -1095.55, "B", "DIP", "I4", "", "C", 62.99, 62.99, 35.43, 0],
		[25, "ArduinoNano_13", 1254.65, -1095.55, "T", "DIP", "ENB", "", "C", 62.99, 62.99, 35.43, 0],
		[26, "ArduinoNano_13", 1254.65, -1095.55, "B", "DIP", "ENB", "", "C", 62.99, 62.99, 35.43, 0],
		[27, "ArduinoNano_14", 1154.65, -1095.55, "T", "DIP", "RELAY", "", "C", 62.99, 62.99, 35.43, 0],
		[28, "ArduinoNano_14", 1154.65, -1095.55, "B", "DIP", "RELAY", "", "C", 62.99, 62.99, 35.43, 0],
		[29, "ArduinoNano_15", 1054.65, -1095.55, "T", "DIP", "ArduinoNano_15", "", "C", 62.99, 62.99, 35.43, 0],
		[30, "ArduinoNano_15", 1054.65, -1095.55, "B", "DIP", "ArduinoNano_15", "", "C", 62.99, 62.99, 35.43, 0],
		[31, "ArduinoNano_16", 1054.65, -1695.55, "T", "DIP", "LDR", "", "C", 62.99, 62.99, 35.43, 0],
		[32, "ArduinoNano_16", 1054.65, -1695.55, "B", "DIP", "LDR", "", "C", 62.99, 62.99, 35.43, 0],
		[33, "ArduinoNano_17", 1154.65, -1695.55, "T", "DIP", "ArduinoNano_17", "", "C", 62.99, 62.99, 35.43, 0],
		[34, "ArduinoNano_17", 1154.65, -1695.55, "B", "DIP", "ArduinoNano_17", "", "C", 62.99, 62.99, 35.43, 0],
		[35, "ArduinoNano_18", 1254.65, -1695.55, "T", "DIP", "ArduinoNano_18", "", "C", 62.99, 62.99, 35.43, 0],
		[36, "ArduinoNano_18", 1254.65, -1695.55, "B", "DIP", "ArduinoNano_18", "", "C", 62.99, 62.99, 35.43, 0],
		[37, "ArduinoNano_19", 1354.65, -1695.55, "T", "DIP", "S1", "", "C", 62.99, 62.99, 35.43, 0],
		[38, "ArduinoNano_19", 1354.65, -1695.55, "B", "DIP", "S1", "", "C", 62.99, 62.99, 35.43, 0],
		[39, "ArduinoNano_20", 1454.65, -1695.55, "T", "DIP", "S2", "", "C", 62.99, 62.99, 35.43, 0],
		[40, "ArduinoNano_20", 1454.65, -1695.55, "B", "DIP", "S2", "", "C", 62.99, 62.99, 35.43, 0],
		[41, "ArduinoNano_21", 1554.65, -1695.55, "T", "DIP", "S3", "", "C", 62.99, 62.99, 35.43, 0],
		[42, "ArduinoNano_21", 1554.65, -1695.55, "B", "DIP", "S3", "", "C", 62.99, 62.99, 35.43, 0],
		[43, "ArduinoNano_22", 1654.65, -1695.55, "T", "DIP", "NET4", "", "C", 62.99, 62.99, 35.43, 0],
		[44, "ArduinoNano_22", 1654.65, -1695.55, "B", "DIP", "NET4", "", "C", 62.99, 62.99, 35.43, 0],
		[45, "ArduinoNano_23", 1754.65, -1695.55, "T", "DIP", "NET3", "", "C", 62.99, 62.99, 35.43, 0],
		[46, "ArduinoNano_23", 1754.65, -1695.55, "B", "DIP", "NET3", "", "C", 62.99, 62.99, 35.43, 0],
		[47, "ArduinoNano_24", 1854.65, -1695.55, "T", "DIP", "DHT", "", "C", 62.99, 62.99, 35.43, 0],
		[48, "ArduinoNano_24", 1854.65, -1695.55, "B", "DIP", "DHT", "", "C", 62.99, 62.99, 35.43, 0],
		[49, "ArduinoNano_25", 1954.65, -1695.55, "T", "DIP", "IR1", "", "C", 62.99, 62.99, 35.43, 0],
		[50, "ArduinoNano_25", 1954.65, -1695.55, "B", "DIP", "IR1", "", "C", 62.99, 62.99, 35.43, 0],
		[51, "ArduinoNano_26", 2054.65, -1695.55, "T", "DIP", "IR2", "", "C", 62.99, 62.99, 35.43, 0],
		[52, "ArduinoNano_26", 2054.65, -1695.55, "B", "DIP", "IR2", "", "C", 62.99, 62.99, 35.43, 0],
		[53, "ArduinoNano_27", 2154.65, -1695.55, "T", "DIP", "$1N2704", "", "C", 62.99, 62.99, 35.43, 0],
		[54, "ArduinoNano_27", 2154.65, -1695.55, "B", "DIP", "$1N2704", "", "C", 62.99, 62.99, 35.43, 0],
		[55, "ArduinoNano_28", 2254.65, -1695.55, "T", "DIP", "ArduinoNano_28", "", "C", 62.99, 62.99, 35.43, 0],
		[56, "ArduinoNano_28", 2254.65, -1695.55, "B", "DIP", "ArduinoNano_28", "", "C", 62.99, 62.99, 35.43, 0],
		[57, "ArduinoNano_29", 2354.65, -1695.55, "T", "DIP", "ArduinoNano_29", "", "C", 62.99, 62.99, 35.43, 0],
		[58, "ArduinoNano_29", 2354.65, -1695.55, "B", "DIP", "ArduinoNano_29", "", "C", 62.99, 62.99, 35.43, 0],
		[59, "ArduinoNano_30", 2454.65, -1695.55, "T", "DIP", "ArduinoNano_30", "", "R", 62.99, 62.99, 35.43, 0],
		[60, "ArduinoNano_30", 2454.65, -1695.55, "B", "DIP", "ArduinoNano_30", "", "R", 62.99, 62.99, 35.43, 0],
		[61, "Bluetooth_1", 2546.06, -720, "T", "DIP", "Bluetooth_1", "", "R", 70.87, 70.87, 47.24, 180],
		[62, "Bluetooth_1", 2546.06, -720, "B", "DIP", "Bluetooth_1", "", "R", 70.87, 70.87, 47.24, 180],
		[63, "Bluetooth_2", 2447.64, -720, "T", "DIP", "+5V", "", "C", 70.87, 70.87, 47.24, 180],
		[64, "Bluetooth_2", 2447.64, -720, "B", "DIP", "+5V", "", "C", 70.87, 70.87, 47.24, 180],
		[65, "Bluetooth_3", 2349.21, -720, "T", "DIP", "GND", "GND", "C", 70.87, 70.87, 47.24, 180],
		[66, "Bluetooth_3", 2349.21, -720, "B", "DIP", "GND", "GND", "C", 70.87, 70.87, 47.24, 180],
		[67, "Bluetooth_4", 2250.79, -720, "T", "DIP", "TX", "", "C", 70.87, 70.87, 47.24, 180],
		[68, "Bluetooth_4", 2250.79, -720, "B", "DIP", "TX", "", "C", 70.87, 70.87, 47.24, 180],
		[69, "Bluetooth_5", 2152.36, -720, "T", "DIP", "RX", "", "C", 70.87, 70.87, 47.24, 180],
		[70, "Bluetooth_5", 2152.36, -720, "B", "DIP", "RX", "", "C", 70.87, 70.87, 47.24, 180],
		[71, "Bluetooth_6", 2053.94, -720, "T", "DIP", "Bluetooth_6", "", "C", 70.87, 70.87, 47.24, 180],
		[72, "Bluetooth_6", 2053.94, -720, "B", "DIP", "Bluetooth_6", "", "C", 70.87, 70.87, 47.24, 180],
		[73, "Common5V_1", 2815, -1105, "T", "DIP", "$1N2704", "", "C", 39.37, 39.37, 27.56, 0],
		[74, "Common5V_1", 2815, -1105, "B", "DIP", "$1N2704", "", "C", 39.37, 39.37, 27.56, 0],
		[75, "Common5V_2", 2865, -1105, "T", "DIP", "+5V", "", "C", 39.37, 39.37, 27.56, 0],
		[76, "Common5V_2", 2865, -1105, "B", "DIP", "+5V", "", "C", 39.37, 39.37, 27.56, 0],
		[77, "DHT11_1", 1805, -1915, "T", "DIP", "+5V", "", "R", 59.05, 59.05, 39.37, 270],
		[78, "DHT11_1", 1805, -1915, "B", "DIP", "+5V", "", "R", 59.05, 59.05, 39.37, 270],
		[79, "DHT11_2", 1805, -2015, "T", "DIP", "DHT", "", "C", 59.05, 59.05, 39.37, 270],
		[80, "DHT11_2", 1805, -2015, "B", "DIP", "DHT", "", "C", 59.05, 59.05, 39.37, 270],
		[81, "DHT11_3", 1805, -2115, "T", "DIP", "GND", "GND", "C", 59.05, 59.05, 39.37, 270],
		[82, "DHT11_3", 1805, -2115, "B", "DIP", "GND", "GND", "C", 59.05, 59.05, 39.37, 270],
		[83, "HeadlightOutput_1", 3080, -1835, "T", "DIP", "+5V", "", "C", 90.55, 90.55, 51.18, 270],
		[84, "HeadlightOutput_1", 3080, -1835, "B", "DIP", "+5V", "", "C", 90.55, 90.55, 51.18, 270],
		[85, "HeadlightOutput_2", 3080, -2035, "T", "DIP", "GND", "GND", "C", 90.55, 90.55, 51.18, 270],
		[86, "HeadlightOutput_2", 3080, -2035, "B", "DIP", "GND", "GND", "C", 90.55, 90.55, 51.18, 270],
		[87, "Headlights_1", 1008.08, -688.62, "T", "DIP", "+5V", "", "R", 59.05, 59.05, 39.37, 270],
		[88, "Headlights_1", 1008.08, -688.62, "B", "DIP", "+5V", "", "R", 59.05, 59.05, 39.37, 270],
		[89, "Headlights_2", 1008.08, -788.62, "T", "DIP", "GND", "GND", "C", 59.05, 59.05, 39.37, 270],
		[90, "Headlights_2", 1008.08, -788.62, "B", "DIP", "GND", "GND", "C", 59.05, 59.05, 39.37, 270],
		[91, "Headlights_3", 1008.08, -888.62, "T", "DIP", "RELAY", "", "C", 59.05, 59.05, 39.37, 270],
		[92, "Headlights_3", 1008.08, -888.62, "B", "DIP", "RELAY", "", "C", 59.05, 59.05, 39.37, 270],
		[93, "IRLeft_1", 2575, -2110, "T", "DIP", "+5V", "", "R", 59.05, 59.05, 39.37, 90],
		[94, "IRLeft_1", 2575, -2110, "B", "DIP", "+5V", "", "R", 59.05, 59.05, 39.37, 90],
		[95, "IRLeft_2", 2575, -2010, "T", "DIP", "GND", "GND", "C", 59.05, 59.05, 39.37, 90],
		[96, "IRLeft_2", 2575, -2010, "B", "DIP", "GND", "GND", "C", 59.05, 59.05, 39.37, 90],
		[97, "IRLeft_3", 2575, -1910, "T", "DIP", "IR1", "", "C", 59.05, 59.05, 39.37, 90],
		[98, "IRLeft_3", 2575, -1910, "B", "DIP", "IR1", "", "C", 59.05, 59.05, 39.37, 90],
		[99, "IRRight_1", 2750, -2110, "T", "DIP", "+5V", "", "R", 59.05, 59.05, 39.37, 90],
		[100, "IRRight_1", 2750, -2110, "B", "DIP", "+5V", "", "R", 59.05, 59.05, 39.37, 90],
		[101, "IRRight_2", 2750, -2010, "T", "DIP", "GND", "GND", "C", 59.05, 59.05, 39.37, 90],
		[102, "IRRight_2", 2750, -2010, "B", "DIP", "GND", "GND", "C", 59.05, 59.05, 39.37, 90],
		[103, "IRRight_3", 2750, -1910, "T", "DIP", "IR2", "", "C", 59.05, 59.05, 39.37, 90],
		[104, "IRRight_3", 2750, -1910, "B", "DIP", "IR2", "", "C", 59.05, 59.05, 39.37, 90],
		[105, "LDR_1", 875, -1960, "T", "DIP", "+5V", "", "R", 59.05, 59.05, 39.37, 0],
		[106, "LDR_1", 875, -1960, "B", "DIP", "+5V", "", "R", 59.05, 59.05, 39.37, 0],
		[107, "LDR_2", 975, -1960, "T", "DIP", "GND", "GND", "C", 59.05, 59.05, 39.37, 0],
		[108, "LDR_2", 975, -1960, "B", "DIP", "GND", "GND", "C", 59.05, 59.05, 39.37, 0],
		[109, "LDR_3", 1075, -1960, "T", "DIP", "LDR", "", "C", 59.05, 59.05, 39.37, 0],
		[110, "LDR_3", 1075, -1960, "B", "DIP", "LDR", "", "C", 59.05, 59.05, 39.37, 0],
		[111, "LED_1", 2810, -730, "T", "DIP", "GND", "GND", "C", 62.99, 62.99, 39.37, 180],
		[112, "LED_1", 2810, -730, "B", "DIP", "GND", "GND", "C", 62.99, 62.99, 39.37, 180],
		[113, "LED_2", 2910, -730, "T", "DIP", "$1N1391", "", "C", 62.99, 62.99, 39.37, 180],
		[114, "LED_2", 2910, -730, "B", "DIP", "$1N1391", "", "C", 62.99, 62.99, 39.37, 180],
		[115, "MotorDriver_1", 1736.06, -715, "T", "DIP", "ENA", "", "R", 70.87, 70.87, 47.24, 180],
		[116, "MotorDriver_1", 1736.06, -715, "B", "DIP", "ENA", "", "R", 70.87, 70.87, 47.24, 180],
		[117, "MotorDriver_2", 1637.64, -715, "T", "DIP", "I1", "", "C", 70.87, 70.87, 47.24, 180],
		[118, "MotorDriver_2", 1637.64, -715, "B", "DIP", "I1", "", "C", 70.87, 70.87, 47.24, 180],
		[119, "MotorDriver_3", 1539.21, -715, "T", "DIP", "I2", "", "C", 70.87, 70.87, 47.24, 180],
		[120, "MotorDriver_3", 1539.21, -715, "B", "DIP", "I2", "", "C", 70.87, 70.87, 47.24, 180],
		[121, "MotorDriver_4", 1440.79, -715, "T", "DIP", "I3", "", "C", 70.87, 70.87, 47.24, 180],
		[122, "MotorDriver_4", 1440.79, -715, "B", "DIP", "I3", "", "C", 70.87, 70.87, 47.24, 180],
		[123, "MotorDriver_5", 1342.36, -715, "T", "DIP", "I4", "", "C", 70.87, 70.87, 47.24, 180],
		[124, "MotorDriver_5", 1342.36, -715, "B", "DIP", "I4", "", "C", 70.87, 70.87, 47.24, 180],
		[125, "MotorDriver_6", 1243.94, -715, "T", "DIP", "ENB", "", "C", 70.87, 70.87, 47.24, 180],
		[126, "MotorDriver_6", 1243.94, -715, "B", "DIP", "ENB", "", "C", 70.87, 70.87, 47.24, 180],
		[127, "PowerJack_1", 3080, -1355, "T", "DIP", "$1N3493", "", "C", 90.55, 90.55, 51.18, 270],
		[128, "PowerJack_1", 3080, -1355, "B", "DIP", "$1N3493", "", "C", 90.55, 90.55, 51.18, 270],
		[129, "PowerJack_2", 3080, -1555, "T", "DIP", "GND", "GND", "C", 90.55, 90.55, 51.18, 270],
		[130, "PowerJack_2", 3080, -1555, "B", "DIP", "GND", "GND", "C", 90.55, 90.55, 51.18, 270],
		[131, "R1_1", 3085, -750, "T", "DIP", "$1N1391", "", "C", 62.99, 62.99, 39.37, 180],
		[132, "R1_1", 3085, -750, "B", "DIP", "$1N1391", "", "C", 62.99, 62.99, 39.37, 180],
		[133, "R1_2", 3185, -750, "T", "DIP", "LED", "", "C", 62.99, 62.99, 39.37, 180],
		[134, "R1_2", 3185, -750, "B", "DIP", "LED", "", "C", 62.99, 62.99, 39.37, 180],
		[135, "Servo1_1", 1275, -1915, "T", "DIP", "S1", "", "R", 59.05, 59.05, 39.37, 270],
		[136, "Servo1_1", 1275, -1915, "B", "DIP", "S1", "", "R", 59.05, 59.05, 39.37, 270],
		[137, "Servo1_2", 1275, -2015, "T", "DIP", "+5V", "", "C", 59.05, 59.05, 39.37, 270],
		[138, "Servo1_2", 1275, -2015, "B", "DIP", "+5V", "", "C", 59.05, 59.05, 39.37, 270],
		[139, "Servo1_3", 1275, -2115, "T", "DIP", "GND", "GND", "C", 59.05, 59.05, 39.37, 270],
		[140, "Servo1_3", 1275, -2115, "B", "DIP", "GND", "GND", "C", 59.05, 59.05, 39.37, 270],
		[141, "Servo2_1", 1445, -1915, "T", "DIP", "S2", "", "R", 59.05, 59.05, 39.37, 270],
		[142, "Servo2_1", 1445, -1915, "B", "DIP", "S2", "", "R", 59.05, 59.05, 39.37, 270],
		[143, "Servo2_2", 1445, -2015, "T", "DIP", "+5V", "", "C", 59.05, 59.05, 39.37, 270],
		[144, "Servo2_2", 1445, -2015, "B", "DIP", "+5V", "", "C", 59.05, 59.05, 39.37, 270],
		[145, "Servo2_3", 1445, -2115, "T", "DIP", "GND", "GND", "C", 59.05, 59.05, 39.37, 270],
		[146, "Servo2_3", 1445, -2115, "B", "DIP", "GND", "GND", "C", 59.05, 59.05, 39.37, 270],
		[147, "Servo3_1", 1615, -1910, "T", "DIP", "S3", "", "R", 59.05, 59.05, 39.37, 270],
		[148, "Servo3_1", 1615, -1910, "B", "DIP", "S3", "", "R", 59.05, 59.05, 39.37, 270],
		[149, "Servo3_2", 1615, -2010, "T", "DIP", "+5V", "", "C", 59.05, 59.05, 39.37, 270],
		[150, "Servo3_2", 1615, -2010, "B", "DIP", "+5V", "", "C", 59.05, 59.05, 39.37, 270],
		[151, "Servo3_3", 1615, -2110, "T", "DIP", "GND", "GND", "C", 59.05, 59.05, 39.37, 270],
		[152, "Servo3_3", 1615, -2110, "B", "DIP", "GND", "GND", "C", 59.05, 59.05, 39.37, 270],
		[153, "Switch_1", 3095, -1060, "T", "DIP", "$1N3493", "", "C", 62.99, 62.99, 39.37, 180],
		[154, "Switch_1", 3095, -1060, "B", "DIP", "$1N3493", "", "C", 62.99, 62.99, 39.37, 180],
		[155, "Switch_2", 3195, -1060, "T", "DIP", "+5V", "", "C", 62.99, 62.99, 39.37, 180],
		[156, "Switch_2", 3195, -1060, "B", "DIP", "+5V", "", "C", 62.99, 62.99, 39.37, 180],
		[157, "Ultrasonic_1", 2360, -1990, "T", "DIP", "+5V", "", "C", 78.74, 78.74, 43.31, 180],
		[158, "Ultrasonic_1", 2360, -1990, "B", "DIP", "+5V", "", "C", 78.74, 78.74, 43.31, 180],
		[159, "Ultrasonic_2", 2260, -1990, "T", "DIP", "NET3", "", "C", 78.74, 78.74, 43.31, 180],
		[160, "Ultrasonic_2", 2260, -1990, "B", "DIP", "NET3", "", "C", 78.74, 78.74, 43.31, 180],
		[161, "Ultrasonic_3", 2160, -1990, "T", "DIP", "NET4", "", "C", 78.74, 78.74, 43.31, 180],
		[162, "Ultrasonic_3", 2160, -1990, "B", "DIP", "NET4", "", "C", 78.74, 78.74, 43.31, 180],
		[163, "Ultrasonic_4", 2060, -1990, "T", "DIP", "GND", "GND", "C", 78.74, 78.74, 51.18, 180],
		[164, "Ultrasonic_4", 2060, -1990, "B", "DIP", "GND", "GND", "C", 78.74, 78.74, 51.18, 180]
	]
}
}